[
  {
    "id": "3726bdbc-a63f-49e2-8611-b75168d76289",
    "data": [
      {
        "text": "Yeah I\u0027ll take this",
        "userDefined": false
      }
    ],
    "isTemplate": false,
    "count": 0,
    "lang": "en",
    "updated": 0
  },
  {
    "id": "54766684-cd00-4be8-ac1a-bb58064435d3",
    "data": [
      {
        "text": "Alright, I will take it",
        "userDefined": false
      }
    ],
    "isTemplate": false,
    "count": 0,
    "lang": "en",
    "updated": 0
  },
  {
    "id": "3da8adb2-8934-4dfd-b301-2c702e410fe8",
    "data": [
      {
        "text": "Okay I want to but it",
        "userDefined": false
      }
    ],
    "isTemplate": false,
    "count": 0,
    "lang": "en",
    "updated": 0
  },
  {
    "id": "e8d987fc-e6e1-49a9-b009-577e5969275f",
    "data": [
      {
        "text": "Okay I\u0027ll take it",
        "userDefined": false
      }
    ],
    "isTemplate": false,
    "count": 0,
    "lang": "en",
    "updated": 0
  },
  {
    "id": "f0a399ae-4459-459b-9869-4edf3a46df03",
    "data": [
      {
        "text": "Add the product to my cart",
        "userDefined": false
      }
    ],
    "isTemplate": false,
    "count": 0,
    "lang": "en",
    "updated": 0
  },
  {
    "id": "50a84a4b-21d0-46e4-81c0-73b1c0214029",
    "data": [
      {
        "text": "Add the item to my cart",
        "userDefined": false
      }
    ],
    "isTemplate": false,
    "count": 0,
    "lang": "en",
    "updated": 0
  },
  {
    "id": "f8ba80fb-f0bb-47f1-aa67-0dc43e3fa7cc",
    "data": [
      {
        "text": "Add this to my cart",
        "userDefined": false
      }
    ],
    "isTemplate": false,
    "count": 0,
    "lang": "en",
    "updated": 0
  },
  {
    "id": "61fdabba-f7f5-417a-bee4-50137a5a793e",
    "data": [
      {
        "text": "Add this ",
        "userDefined": false
      },
      {
        "text": "plush",
        "meta": "@category",
        "alias": "category",
        "userDefined": false
      },
      {
        "text": " to my cart.",
        "userDefined": false
      }
    ],
    "isTemplate": false,
    "count": 0,
    "lang": "en",
    "updated": 0
  },
  {
    "id": "906357d5-008a-4b6a-8010-73438df328e0",
    "data": [
      {
        "text": "I\u0027d like to buy this ",
        "userDefined": false
      },
      {
        "text": "hat",
        "meta": "@category",
        "alias": "category",
        "userDefined": false
      },
      {
        "text": ".",
        "userDefined": false
      }
    ],
    "isTemplate": false,
    "count": 0,
    "lang": "en",
    "updated": 0
  },
  {
    "id": "509b213f-cc53-4dbd-8df4-6e6350f47275",
    "data": [
      {
        "text": "I want to buy the ",
        "userDefined": false
      },
      {
        "text": "Jump Around Shirt",
        "meta": "@product",
        "alias": "product",
        "userDefined": false
      },
      {
        "text": ".",
        "userDefined": false
      }
    ],
    "isTemplate": false,
    "count": 0,
    "lang": "en",
    "updated": 0
  },
  {
    "id": "ff7c817c-d304-4e1e-9fdf-95b055262f98",
    "data": [
      {
        "text": "Add the ",
        "userDefined": false
      },
      {
        "text": "Wisconsin Leggings",
        "meta": "@product",
        "alias": "product",
        "userDefined": false
      },
      {
        "text": " to my cart.",
        "userDefined": false
      }
    ],
    "isTemplate": false,
    "count": 0,
    "lang": "en",
    "updated": 0
  }
]