[
  {
    "id": "7fae0e76-1bd6-473e-97a7-c59ee1474805",
    "data": [
      {
        "text": "What are the tags of ",
        "userDefined": false
      },
      {
        "text": "sweatshirts",
        "meta": "@category",
        "alias": "category",
        "userDefined": false
      },
      {
        "text": "?",
        "userDefined": false
      }
    ],
    "isTemplate": false,
    "count": 0,
    "lang": "en",
    "updated": 0
  },
  {
    "id": "62b5a5de-a5ff-4cec-8748-9da12bc9dcd6",
    "data": [
      {
        "text": "Could you show me all tags under ",
        "userDefined": false
      },
      {
        "text": "leggings",
        "meta": "@category",
        "alias": "category",
        "userDefined": false
      },
      {
        "text": "?",
        "userDefined": false
      }
    ],
    "isTemplate": false,
    "count": 0,
    "lang": "en",
    "updated": 0
  },
  {
    "id": "b52507f9-9319-4c11-bd7f-e85dd3c5bd8c",
    "data": [
      {
        "text": "Tags of ",
        "userDefined": false
      },
      {
        "text": "tees",
        "meta": "@category",
        "alias": "category",
        "userDefined": true
      }
    ],
    "isTemplate": false,
    "count": 0,
    "lang": "en",
    "updated": 0
  },
  {
    "id": "0a5e7c02-600e-41c2-bd61-a8632371a6ab",
    "data": [
      {
        "text": "Show me all styles of ",
        "userDefined": false
      },
      {
        "text": "hats",
        "meta": "@category",
        "alias": "category",
        "userDefined": false
      }
    ],
    "isTemplate": false,
    "count": 0,
    "lang": "en",
    "updated": 0
  },
  {
    "id": "bb6fe744-d30b-490b-8bbd-bae2fb36ff9f",
    "data": [
      {
        "text": "What kinds of ",
        "userDefined": false
      },
      {
        "text": "plushes",
        "meta": "@category",
        "alias": "category",
        "userDefined": false
      },
      {
        "text": " do you offer?",
        "userDefined": false
      }
    ],
    "isTemplate": false,
    "count": 0,
    "lang": "en",
    "updated": 0
  }
]