[
  {
    "id": "dd572e80-79c3-422c-a528-7e1b86c72000",
    "data": [
      {
        "text": "What are the available products?",
        "userDefined": false
      }
    ],
    "isTemplate": false,
    "count": 0,
    "lang": "en",
    "updated": 0
  },
  {
    "id": "d472aa61-cb00-4c40-bb90-7fe39d09c1d8",
    "data": [
      {
        "text": "What can I buy here?",
        "userDefined": false
      }
    ],
    "isTemplate": false,
    "count": 0,
    "lang": "en",
    "updated": 0
  },
  {
    "id": "3bd35d6a-33db-4795-ad8b-3d0a0fc2bb10",
    "data": [
      {
        "text": "Show me all types of products",
        "userDefined": false
      }
    ],
    "isTemplate": false,
    "count": 0,
    "lang": "en",
    "updated": 0
  },
  {
    "id": "caf0aa73-b4f8-45ed-a8bf-3dd5994aab15",
    "data": [
      {
        "text": "Show me all the categories",
        "userDefined": false
      }
    ],
    "isTemplate": false,
    "count": 0,
    "lang": "en",
    "updated": 0
  },
  {
    "id": "f5bf8172-b9dc-4487-a9a9-596c90e61980",
    "data": [
      {
        "text": "What types of products do you offer?",
        "userDefined": false
      }
    ],
    "isTemplate": false,
    "count": 0,
    "lang": "en",
    "updated": 0
  }
]