[
  {
    "id": "d61176a9-17dd-447e-818e-4e30aa36eb97",
    "data": [
      {
        "text": "Show me my cart content",
        "userDefined": false
      }
    ],
    "isTemplate": false,
    "count": 0,
    "lang": "en",
    "updated": 0
  },
  {
    "id": "57708432-ac05-42b1-8415-ddf964cfd4df",
    "data": [
      {
        "text": "Can I look at my cart?",
        "userDefined": false
      }
    ],
    "isTemplate": false,
    "count": 0,
    "lang": "en",
    "updated": 0
  },
  {
    "id": "b08bf8bd-10a7-4bb0-8c46-ff8646f70d2e",
    "data": [
      {
        "text": "Show me the cart",
        "userDefined": false
      }
    ],
    "isTemplate": false,
    "count": 0,
    "lang": "en",
    "updated": 0
  },
  {
    "id": "85195aa5-b2e1-4e8c-94c3-608c0ced9f46",
    "data": [
      {
        "text": "What\u0027s in my cart right now?”",
        "userDefined": false
      }
    ],
    "isTemplate": false,
    "count": 0,
    "lang": "en",
    "updated": 0
  }
]