[
  {
    "id": "d23f110b-c01b-4486-a55f-11bc24f766b1",
    "data": [
      {
        "text": "I\u0027d like the cart to be cleared",
        "userDefined": false
      }
    ],
    "isTemplate": false,
    "count": 0,
    "lang": "en",
    "updated": 0
  },
  {
    "id": "717fffd7-b084-4c0c-a82e-2236add0da32",
    "data": [
      {
        "text": "I want my cart to be emptied",
        "userDefined": false
      }
    ],
    "isTemplate": false,
    "count": 0,
    "lang": "en",
    "updated": 0
  },
  {
    "id": "db95deaf-7b91-4533-9b27-b479406326bf",
    "data": [
      {
        "text": "Please clear my cart",
        "userDefined": false
      }
    ],
    "isTemplate": false,
    "count": 0,
    "lang": "en",
    "updated": 0
  },
  {
    "id": "b198260b-0d4f-462f-b8ea-475ef24c30b6",
    "data": [
      {
        "text": "Empty the cart",
        "userDefined": false
      }
    ],
    "isTemplate": false,
    "count": 0,
    "lang": "en",
    "updated": 0
  }
]