[
  {
    "id": "ca57b2cb-f24c-4239-b810-9c2b2f9dd19f",
    "data": [
      {
        "text": "Login",
        "userDefined": false
      }
    ],
    "isTemplate": false,
    "count": 0,
    "lang": "en",
    "updated": 0
  },
  {
    "id": "f0d3a8ca-34be-4655-b384-3a3f48b1c599",
    "data": [
      {
        "text": "May I login?",
        "userDefined": false
      }
    ],
    "isTemplate": false,
    "count": 0,
    "lang": "en",
    "updated": 0
  },
  {
    "id": "4432eb9c-c308-4caf-9f55-50412556253d",
    "data": [
      {
        "text": "I want to login",
        "userDefined": false
      }
    ],
    "isTemplate": false,
    "count": 0,
    "lang": "en",
    "updated": 0
  },
  {
    "id": "3f7e798d-9c4a-4bfe-8093-1dff8d47c6d5",
    "data": [
      {
        "text": "Login to my account",
        "userDefined": false
      }
    ],
    "isTemplate": false,
    "count": 0,
    "lang": "en",
    "updated": 0
  }
]