[
  {
    "id": "312a2bfd-bb98-4b47-82a7-ca48d0769ebd",
    "data": [
      {
        "text": "How much is the ",
        "userDefined": false
      },
      {
        "text": "Bucky Badger Plush",
        "meta": "@product",
        "alias": "product",
        "userDefined": false
      },
      {
        "text": "?",
        "userDefined": false
      }
    ],
    "isTemplate": false,
    "count": 0,
    "lang": "en",
    "updated": 0
  },
  {
    "id": "6d953ad8-d22b-4a76-a0a6-01cfb7a01fb8",
    "data": [
      {
        "text": "What\u0027s the price of ",
        "userDefined": false
      },
      {
        "text": "Wisconsin Leggings",
        "meta": "@product",
        "alias": "product",
        "userDefined": false
      },
      {
        "text": "?",
        "userDefined": false
      }
    ],
    "isTemplate": false,
    "count": 0,
    "lang": "en",
    "updated": 0
  },
  {
    "id": "f66a53fa-cd9b-4385-9d1c-60a45c96e2a9",
    "data": [
      {
        "text": "Show me details of the ",
        "userDefined": false
      },
      {
        "text": "Bucky Badger Plush",
        "meta": "@product",
        "alias": "product",
        "userDefined": true
      }
    ],
    "isTemplate": false,
    "count": 0,
    "lang": "en",
    "updated": 0
  },
  {
    "id": "6001202b-430d-485c-ac2f-c9e2e737112a",
    "data": [
      {
        "text": "Give me more information about the ",
        "userDefined": false
      },
      {
        "text": "Bucky Crewneck Sweatshirt",
        "meta": "@product",
        "alias": "product",
        "userDefined": true
      }
    ],
    "isTemplate": false,
    "count": 0,
    "lang": "en",
    "updated": 0
  }
]