[
  {
    "id": "5a636686-5467-4111-be02-c9894af71ac8",
    "data": [
      {
        "text": "What\u0027s the average rating of this product?",
        "userDefined": false
      }
    ],
    "isTemplate": false,
    "count": 0,
    "lang": "en",
    "updated": 0
  },
  {
    "id": "5af09953-4518-4952-9c45-b24fbe53c400",
    "data": [
      {
        "text": "Can you show me the buyer reveiws?",
        "userDefined": false
      }
    ],
    "isTemplate": false,
    "count": 0,
    "lang": "en",
    "updated": 0
  },
  {
    "id": "71c70aeb-c144-4ea9-b2c4-0b20ff786fad",
    "data": [
      {
        "text": "What are the available reviews for it?",
        "userDefined": false
      }
    ],
    "isTemplate": false,
    "count": 0,
    "lang": "en",
    "updated": 0
  },
  {
    "id": "475a6206-297d-4233-a0de-52c24d31f2e1",
    "data": [
      {
        "text": "How do other customers like it?",
        "userDefined": false
      }
    ],
    "isTemplate": false,
    "count": 0,
    "lang": "en",
    "updated": 0
  }
]