[
  {
    "id": "5bb75cf3-ffb1-4e1d-b09e-ce9181acf2c1",
    "data": [
      {
        "text": "I don\u0027t want it any more",
        "userDefined": false
      }
    ],
    "isTemplate": false,
    "count": 0,
    "lang": "en",
    "updated": 0
  },
  {
    "id": "c95e7ae2-e6ed-42b6-9a4c-02b93d048109",
    "data": [
      {
        "text": "I don\u0027t want this ",
        "userDefined": false
      },
      {
        "text": "hat",
        "meta": "@category",
        "alias": "category",
        "userDefined": false
      },
      {
        "text": " anymore",
        "userDefined": false
      }
    ],
    "isTemplate": false,
    "count": 0,
    "lang": "en",
    "updated": 0
  },
  {
    "id": "f8966853-03be-47ea-a219-4cb2752d3401",
    "data": [
      {
        "text": "Delete the ",
        "userDefined": false
      },
      {
        "text": "Jump Around Shirt",
        "meta": "@product",
        "alias": "product",
        "userDefined": false
      },
      {
        "text": " from my cart",
        "userDefined": false
      }
    ],
    "isTemplate": false,
    "count": 0,
    "lang": "en",
    "updated": 0
  },
  {
    "id": "0f79be93-a25f-4cd4-9116-14a177e6f25a",
    "data": [
      {
        "text": "Remove this ",
        "userDefined": false
      },
      {
        "text": "plush",
        "meta": "@category",
        "alias": "category",
        "userDefined": false
      },
      {
        "text": " from my cart.",
        "userDefined": false
      }
    ],
    "isTemplate": false,
    "count": 0,
    "lang": "en",
    "updated": 0
  }
]