[
  {
    "id": "ca88e8b3-90cc-4f54-838e-6878b4f030b3",
    "data": [
      {
        "text": "Go back to home page",
        "userDefined": false
      }
    ],
    "isTemplate": false,
    "count": 0,
    "lang": "en",
    "updated": 0
  },
  {
    "id": "a7fbe2e7-b055-41f0-9f54-cd4d61a76771",
    "data": [
      {
        "text": "Return to home page",
        "userDefined": false
      }
    ],
    "isTemplate": false,
    "count": 0,
    "lang": "en",
    "updated": 0
  },
  {
    "id": "fe273bb2-4ea3-4a6b-b216-803bbe8e64b9",
    "data": [
      {
        "text": "Take me to the home page",
        "userDefined": false
      }
    ],
    "isTemplate": false,
    "count": 0,
    "lang": "en",
    "updated": 0
  }
]