[
  {
    "id": "25dae495-79e7-488e-8b64-19c9750054b5",
    "data": [
      {
        "text": "Make a payment",
        "userDefined": false
      }
    ],
    "isTemplate": false,
    "count": 0,
    "lang": "en",
    "updated": 0
  },
  {
    "id": "bc4469c6-e432-498d-96f4-fa92a70579b6",
    "data": [
      {
        "text": "I am ready to check out",
        "userDefined": false
      }
    ],
    "isTemplate": false,
    "count": 0,
    "lang": "en",
    "updated": 0
  },
  {
    "id": "ee83bf54-b29a-4e4d-a84b-eff2ccf11c73",
    "data": [
      {
        "text": "May I check out, please?",
        "userDefined": false
      }
    ],
    "isTemplate": false,
    "count": 0,
    "lang": "en",
    "updated": 0
  },
  {
    "id": "09fba050-cd0b-463a-98ae-0e886e62bd05",
    "data": [
      {
        "text": "I\u0027d like to review my cart",
        "userDefined": false
      }
    ],
    "isTemplate": false,
    "count": 0,
    "lang": "en",
    "updated": 0
  }
]