[
  {
    "id": "c7f1710d-6108-4453-9567-4a49a3eaa39b",
    "data": [
      {
        "text": "What ",
        "userDefined": false
      },
      {
        "text": "plushes",
        "meta": "@category",
        "alias": "category",
        "userDefined": false
      },
      {
        "text": " do you have?",
        "userDefined": false
      }
    ],
    "isTemplate": false,
    "count": 0,
    "lang": "en",
    "updated": 0
  },
  {
    "id": "d245ebf0-1b0e-48e0-a740-86ac0d76ff56",
    "data": [
      {
        "text": "Show the full list of ",
        "userDefined": false
      },
      {
        "text": "leggings",
        "meta": "@category",
        "alias": "category",
        "userDefined": false
      }
    ],
    "isTemplate": false,
    "count": 0,
    "lang": "en",
    "updated": 0
  },
  {
    "id": "3e231a86-1909-4aca-9a3b-a22bd8572181",
    "data": [
      {
        "text": "Let me see all the ",
        "userDefined": false
      },
      {
        "text": "sweatshirts",
        "meta": "@category",
        "alias": "category",
        "userDefined": false
      }
    ],
    "isTemplate": false,
    "count": 0,
    "lang": "en",
    "updated": 0
  },
  {
    "id": "42611695-a18b-4deb-8790-6e4ae9678041",
    "data": [
      {
        "text": "Show me all the ",
        "userDefined": false
      },
      {
        "text": "hats",
        "meta": "@category",
        "alias": "category",
        "userDefined": false
      }
    ],
    "isTemplate": false,
    "count": 0,
    "lang": "en",
    "updated": 0
  }
]