[
  {
    "id": "b6d1c559-7b40-4cf9-bb6c-fa4bf7142175",
    "data": [
      {
        "text": "Men",
        "meta": "@tag",
        "alias": "tag",
        "userDefined": false
      },
      {
        "text": "\u0027s shorts",
        "userDefined": false
      }
    ],
    "isTemplate": false,
    "count": 0,
    "lang": "en",
    "updated": 0
  },
  {
    "id": "12bb281f-a1c3-40be-a10b-e81b2a61ba66",
    "data": [
      {
        "text": "Grey",
        "meta": "@tag",
        "alias": "tag",
        "userDefined": false
      },
      {
        "text": " ones",
        "userDefined": false
      }
    ],
    "isTemplate": false,
    "count": 0,
    "lang": "en",
    "updated": 0
  },
  {
    "id": "14cf4af7-cf2f-4317-a99a-083c0362b19d",
    "data": [
      {
        "text": "What are the ones made of ",
        "userDefined": false
      },
      {
        "text": "cotton",
        "meta": "@tag",
        "alias": "tag",
        "userDefined": false
      },
      {
        "text": "?",
        "userDefined": false
      }
    ],
    "isTemplate": false,
    "count": 0,
    "lang": "en",
    "updated": 0
  },
  {
    "id": "9523d73a-b63a-42b7-b6e0-906c2bcb39d7",
    "data": [
      {
        "text": "May I have all ",
        "userDefined": false
      },
      {
        "text": "fuzzy",
        "meta": "@tag",
        "alias": "tag",
        "userDefined": false
      },
      {
        "text": " ones?",
        "userDefined": false
      }
    ],
    "isTemplate": false,
    "count": 0,
    "lang": "en",
    "updated": 0
  },
  {
    "id": "5b30315a-f140-4df8-b30c-b51f5c3705eb",
    "data": [
      {
        "text": "Show me ",
        "userDefined": false
      },
      {
        "text": "women",
        "meta": "@tag",
        "alias": "tag",
        "userDefined": false
      },
      {
        "text": "\u0027s hats",
        "userDefined": false
      }
    ],
    "isTemplate": false,
    "count": 0,
    "lang": "en",
    "updated": 0
  },
  {
    "id": "ec07c9c6-5305-4ada-af23-94f3fe8e11df",
    "data": [
      {
        "text": "Show me ",
        "userDefined": false
      },
      {
        "text": "white",
        "meta": "@tag",
        "alias": "tag",
        "userDefined": false
      },
      {
        "text": " ones",
        "userDefined": false
      }
    ],
    "isTemplate": false,
    "count": 0,
    "lang": "en",
    "updated": 0
  }
]